DELETE FROM users;
DELETE FROM courses;
DELETE FROM rooms;
DELETE FROM studenttimeunits;
DELETE FROM studentmarks;
INSERT INTO courses (course_id, course_name) VALUES (1, 'Economics');
INSERT INTO courses (course_id, course_name) VALUES (2, 'Politics');
INSERT INTO courses (course_id, course_name) VALUES (3, 'Computer science');
INSERT INTO courses (course_id, course_name) VALUES (4, 'Physics');
INSERT INTO courses (course_id, course_name) VALUES (5, 'Math');
INSERT INTO courses (course_id, course_name) VALUES (6, 'Law');
INSERT INTO courses (course_id, course_name) VALUES (7, 'Biology');
INSERT INTO users (user_id, first_name, last_name, email, password, rank, role) VALUES (1, 'Mason', 'Sullivan', '1@gmail.com', 123456, null, 'STUDENT');
INSERT INTO users (user_id, first_name, last_name, email, password, rank, role) VALUES (2, 'Harper', 'Williams', '2@gmail.com', 123456, null, 'STUDENT');
INSERT INTO users (user_id, first_name, last_name, email, password, rank, role) VALUES (3, 'James', 'Gregory', '3@gmail.com', 123456, null, 'STUDENT');
INSERT INTO users (user_id, first_name, last_name, email, password, rank, role) VALUES (4, 'Olivia', 'Gregory', '4@gmail.com', 123456, null, 'STUDENT');
INSERT INTO users (user_id, first_name, last_name, email, password, rank, role) VALUES (5, 'Olivia', 'Smith', '5@gmail.com', 123456, null, 'STUDENT');
INSERT INTO users (user_id, first_name, last_name, email, password, rank, role) VALUES (6, 'Lucas', 'King', '6@gmail.com', 123456, null, 'STUDENT');
INSERT INTO users (user_id, first_name, last_name, email, password, rank, role) VALUES (7, 'Liam', 'Mullin', '7@gmail.com', 123456, null, 'STUDENT');
INSERT INTO users (user_id, first_name, last_name, email, password, rank, role) VALUES (8, 'Mason', 'Burke', '8@gmail.com', 123456, null, 'STUDENT');
INSERT INTO users (user_id, first_name, last_name, email, password, rank, role) VALUES (9, 'James', 'Gregory', '9@gmail.com', 123456, null, 'STUDENT');
INSERT INTO users (user_id, first_name, last_name, email, password, rank, role) VALUES (10, 'Emma', 'Lee', '10@gmail.com', 123456, null, 'STUDENT');
INSERT INTO users (user_id, first_name, last_name, email, password, rank, role) VALUES (11, 'Mason', 'Sullivan', '1@gmail.com', 123456, 'Research Associate', 'LECTURER');
INSERT INTO users (user_id, first_name, last_name, email, password, rank, role) VALUES (12, 'Harper', 'Williams', '2@gmail.com', 123456, 'Professor', 'LECTURER');
INSERT INTO users (user_id, first_name, last_name, email, password, rank, role) VALUES (13, 'James', 'Gregory', '3@gmail.com', 123456, 'Assistant Professor', 'LECTURER');
INSERT INTO users (user_id, first_name, last_name, email, password, rank, role) VALUES (14, 'Olivia', 'Gregory', '4@gmail.com', 123456, 'Instructor', 'LECTURER');
INSERT INTO users (user_id, first_name, last_name, email, password, rank, role) VALUES (15, 'Olivia', 'Smith', '5@gmail.com', 123456, 'Research Associate', 'LECTURER');
INSERT INTO users (user_id, first_name, last_name, email, password, rank, role) VALUES (16, 'Lucas', 'King', '6@gmail.com', 123456, 'Professor', 'LECTURER');
INSERT INTO users (user_id, first_name, last_name, email, password, rank, role) VALUES (17, 'Liam', 'Mullin', '7@gmail.com', 123456, 'Research Associate', 'LECTURER');
INSERT INTO users (user_id, first_name, last_name, email, password, rank, role) VALUES (18, 'Mason', 'Burke', '8@gmail.com', 123456, 'Professor', 'LECTURER');
INSERT INTO users (user_id, first_name, last_name, email, password, rank, role) VALUES (19, 'James', 'Gregory', '9@gmail.com', 123456, 'Instructor', 'LECTURER');
INSERT INTO users (user_id, first_name, last_name, email, password, rank, role) VALUES (20, 'Emma', 'Lee', '10@gmail.com', 123456, 'Assistant Professor', 'LECTURER');
INSERT INTO rooms (room_id) VALUES (101);
INSERT INTO rooms (room_id) VALUES (102);
INSERT INTO rooms (room_id) VALUES (103);
INSERT INTO rooms (room_id) VALUES (201);
INSERT INTO rooms (room_id) VALUES (202);
INSERT INTO rooms (room_id) VALUES (203);
INSERT INTO weeklytimeunits (weekly_time_unit_id, starttime, endtime, weekday) VALUES (1, '10:00', '12:00', 'MONDAY');
INSERT INTO weeklytimeunits (weekly_time_unit_id, starttime, endtime, weekday) VALUES (2, '12:00', '14:00', 'MONDAY');
INSERT INTO weeklytimeunits (weekly_time_unit_id, starttime, endtime, weekday) VALUES (3, '14:00', '16:00', 'MONDAY');
INSERT INTO weeklytimeunits (weekly_time_unit_id, starttime, endtime, weekday) VALUES (4, '10:00', '12:00', 'TUESDAY');
INSERT INTO weeklytimeunits (weekly_time_unit_id, starttime, endtime, weekday) VALUES (5, '12:00', '14:00', 'TUESDAY');
INSERT INTO weeklytimeunits (weekly_time_unit_id, starttime, endtime, weekday) VALUES (6, '14:00', '16:00', 'TUESDAY');
INSERT INTO weeklytimeunits (weekly_time_unit_id, starttime, endtime, weekday) VALUES (7, '10:00', '12:00', 'WEDNESDAY');
INSERT INTO weeklytimeunits (weekly_time_unit_id, starttime, endtime, weekday) VALUES (8, '12:00', '14:00', 'WEDNESDAY');
INSERT INTO weeklytimeunits (weekly_time_unit_id, starttime, endtime, weekday) VALUES (9, '14:00', '16:00', 'WEDNESDAY');
INSERT INTO weeklytimeunits (weekly_time_unit_id, starttime, endtime, weekday) VALUES (10, '10:00', '12:00', 'THURSDAY');
INSERT INTO weeklytimeunits (weekly_time_unit_id, starttime, endtime, weekday) VALUES (11, '12:00', '14:00', 'THURSDAY');
INSERT INTO weeklytimeunits (weekly_time_unit_id, starttime, endtime, weekday) VALUES (12, '14:00', '16:00', 'THURSDAY');
INSERT INTO weeklytimeunits (weekly_time_unit_id, starttime, endtime, weekday) VALUES (13, '10:00', '12:00', 'FRIDAY');
INSERT INTO weeklytimeunits (weekly_time_unit_id, starttime, endtime, weekday) VALUES (14, '12:00', '14:00', 'FRIDAY');
INSERT INTO weeklytimeunits (weekly_time_unit_id, starttime, endtime, weekday) VALUES (15, '14:00', '16:00', 'FRIDAY');
INSERT INTO StudentCourses(student_id, course_id) VALUES (1,  1);
INSERT INTO StudentCourses(student_id, course_id) VALUES (2,  4);
INSERT INTO StudentCourses(student_id, course_id) VALUES (3,  7);
INSERT INTO StudentCourses(student_id, course_id) VALUES (4,  6);
INSERT INTO StudentCourses(student_id, course_id) VALUES (5,  1);
INSERT INTO StudentCourses(student_id, course_id) VALUES (5,  3);
INSERT INTO StudentCourses(student_id, course_id) VALUES (6, 7);
INSERT INTO StudentCourses(student_id, course_id) VALUES (7,  2);
INSERT INTO StudentCourses(student_id, course_id) VALUES (8,  7);
INSERT INTO StudentCourses(student_id, course_id) VALUES (8,  6);
INSERT INTO StudentCourses(student_id, course_id) VALUES (8,  1);
INSERT INTO StudentCourses(student_id, course_id) VALUES (9,  2);
INSERT INTO StudentCourses(student_id, course_id) VALUES (10,  3);
