DELETE FROM users;
DELETE FROM courses;
DELETE FROM rooms;
DELETE FROM weeklytimeunits;
DELETE FROM studentcourses;
DELETE FROM studenttimeunits;
DELETE FROM studentmarks;
INSERT INTO courses (course_id, course_name) VALUES (1, 'Economics');
INSERT INTO courses (course_id, course_name) VALUES (2, 'Politics');
INSERT INTO courses (course_id, course_name) VALUES (3, 'Computer science');
INSERT INTO courses (course_id, course_name) VALUES (4, 'Physics');
INSERT INTO courses (course_id, course_name) VALUES (5, 'Math');
INSERT INTO courses (course_id, course_name) VALUES (6, 'Law');
INSERT INTO courses (course_id, course_name) VALUES (7, 'Biology');
INSERT INTO users (first_name, last_name, email, password, rank, role) VALUES ('Mason', 'Sullivan', '1@gmail.com', '123_456', null, 'STUDENT');
INSERT INTO users (first_name, last_name, email, password, rank, role) VALUES ('Harper', 'Williams', '2@gmail.com', '123_456', null, 'STUDENT');
INSERT INTO users (first_name, last_name, email, password, rank, role) VALUES ('James', 'Gregory', '3@gmail.com', '123_456', null, 'STUDENT');
INSERT INTO users (first_name, last_name, email, password, rank, role) VALUES ('Olivia', 'Gregory', '4@gmail.com', '123_456', null, 'STUDENT');
INSERT INTO users (first_name, last_name, email, password, rank, role) VALUES ('Olivia', 'Smith', '5@gmail.com', '123_456', null, 'STUDENT');
INSERT INTO users (first_name, last_name, email, password, rank, role) VALUES ('Lucas', 'King', '6@gmail.com', '123_456', null, 'STUDENT');
INSERT INTO users (first_name, last_name, email, password, rank, role) VALUES ('Liam', 'Mullin', '7@gmail.com', '123_456', null, 'STUDENT');
INSERT INTO users (first_name, last_name, email, password, rank, role) VALUES ('Mason', 'Burke', '8@gmail.com', '123_456', null, 'STUDENT');
INSERT INTO users (first_name, last_name, email, password, rank, role) VALUES ('James', 'Gregory', '9@gmail.com', '123_456', null, 'STUDENT');
INSERT INTO users (first_name, last_name, email, password, rank, role) VALUES ('Emma', 'Lee', '10@gmail.com', '123_456', null, 'STUDENT');
INSERT INTO users (first_name, last_name, email, password, rank, role) VALUES ('Mason', 'Sullivan', '11@gmail.com', '123_456', 'Research Associate', 'LECTURER');
INSERT INTO users (first_name, last_name, email, password, rank, role) VALUES ('Harper', 'Williams', '12@gmail.com', '123_456', 'Professor', 'LECTURER');
INSERT INTO users (first_name, last_name, email, password, rank, role) VALUES ('James', 'Gregory', '13@gmail.com', '123_456', 'Assistant Professor', 'LECTURER');
INSERT INTO users (first_name, last_name, email, password, rank, role) VALUES ('Olivia', 'Gregory', '14@gmail.com', '123_456', 'Instructor', 'LECTURER');
INSERT INTO users (first_name, last_name, email, password, rank, role) VALUES ('Olivia', 'Smith', '15@gmail.com', '123_456', 'Research Associate', 'LECTURER');
INSERT INTO users (first_name, last_name, email, password, rank, role) VALUES ('Lucas', 'King', '16@gmail.com', '123_456', 'Professor', 'LECTURER');
INSERT INTO users (first_name, last_name, email, password, rank, role) VALUES ('Liam', 'Mullin', '17@gmail.com', '123_456', 'Research Associate', 'LECTURER');
INSERT INTO users (first_name, last_name, email, password, rank, role) VALUES ('Mason', 'Burke', '18@gmail.com', '123_456', 'Professor', 'LECTURER');
INSERT INTO users (first_name, last_name, email, password, rank, role) VALUES ('James', 'Gregory', '19@gmail.com', '123_456', 'Instructor', 'LECTURER');
INSERT INTO users (first_name, last_name, email, password, rank, role) VALUES ('Emma', 'Lee', '20@gmail.com', '123_456', 'Assistant Professor', 'LECTURER');
INSERT INTO users (first_name, last_name, email, password, rank, role) VALUES ('Mason', 'Sullivan', '21@gmail.com', '123_456', null, 'STUDENT');
INSERT INTO users (first_name, last_name, email, password, rank, role) VALUES ('Harper', 'Williams', '22@gmail.com', '123_456', null, 'STUDENT');
INSERT INTO users (first_name, last_name, email, password, rank, role) VALUES ('James', 'Gregory', '23@gmail.com', '123_456', null, 'STUDENT');
INSERT INTO users (first_name, last_name, email, password, rank, role) VALUES ('Olivia', 'Gregory', '24@gmail.com', '123_456', null, 'STUDENT');
INSERT INTO users (first_name, last_name, email, password, rank, role) VALUES ('Olivia', 'Smith', '25@gmail.com', '123_456', null, 'STUDENT');
INSERT INTO users (first_name, last_name, email, password, rank, role) VALUES ('Lucas', 'King', '26@gmail.com', '123_456', null, 'STUDENT');
INSERT INTO users (first_name, last_name, email, password, rank, role) VALUES ('Liam', 'Mullin', '27@gmail.com', '123_456', null, 'STUDENT');
INSERT INTO users (first_name, last_name, email, password, rank, role) VALUES ('Mason', 'Burke', '28@gmail.com', '123_456', null, 'STUDENT');
INSERT INTO users (first_name, last_name, email, password, rank, role) VALUES ('James', 'Gregory', '29@gmail.com', '123_456', null, 'STUDENT');
INSERT INTO users (first_name, last_name, email, password, rank, role) VALUES ('Emma', 'Lee', '30@gmail.com', '123_456', null, 'STUDENT');
INSERT INTO rooms (room_id) VALUES (101);
INSERT INTO rooms (room_id) VALUES (102);
INSERT INTO rooms (room_id) VALUES (103);
INSERT INTO rooms (room_id) VALUES (201);
INSERT INTO rooms (room_id) VALUES (202);
INSERT INTO rooms (room_id) VALUES (203);
INSERT INTO weeklytimeunits (weekly_time_unit_id, starttime, endtime, weekday) VALUES (1, '10:00', '12:00', 'MONDAY');
INSERT INTO weeklytimeunits (weekly_time_unit_id, starttime, endtime, weekday) VALUES (2, '12:00', '14:00', 'MONDAY');
INSERT INTO weeklytimeunits (weekly_time_unit_id, starttime, endtime, weekday) VALUES (3, '14:00', '16:00', 'MONDAY');
INSERT INTO weeklytimeunits (weekly_time_unit_id, starttime, endtime, weekday) VALUES (4, '10:00', '12:00', 'TUESDAY');
INSERT INTO weeklytimeunits (weekly_time_unit_id, starttime, endtime, weekday) VALUES (5, '12:00', '14:00', 'TUESDAY');
INSERT INTO weeklytimeunits (weekly_time_unit_id, starttime, endtime, weekday) VALUES (6, '14:00', '16:00', 'TUESDAY');
INSERT INTO weeklytimeunits (weekly_time_unit_id, starttime, endtime, weekday) VALUES (7, '10:00', '12:00', 'WEDNESDAY');
INSERT INTO weeklytimeunits (weekly_time_unit_id, starttime, endtime, weekday) VALUES (8, '12:00', '14:00', 'WEDNESDAY');
INSERT INTO weeklytimeunits (weekly_time_unit_id, starttime, endtime, weekday) VALUES (9, '14:00', '16:00', 'WEDNESDAY');
INSERT INTO weeklytimeunits (weekly_time_unit_id, starttime, endtime, weekday) VALUES (10, '10:00', '12:00', 'THURSDAY');
INSERT INTO weeklytimeunits (weekly_time_unit_id, starttime, endtime, weekday) VALUES (11, '12:00', '14:00', 'THURSDAY');
INSERT INTO weeklytimeunits (weekly_time_unit_id, starttime, endtime, weekday) VALUES (12, '14:00', '16:00', 'THURSDAY');
INSERT INTO weeklytimeunits (weekly_time_unit_id, starttime, endtime, weekday) VALUES (13, '10:00', '12:00', 'FRIDAY');
INSERT INTO weeklytimeunits (weekly_time_unit_id, starttime, endtime, weekday) VALUES (14, '12:00', '14:00', 'FRIDAY');
INSERT INTO weeklytimeunits (weekly_time_unit_id, starttime, endtime, weekday) VALUES (15, '14:00', '16:00', 'FRIDAY');
INSERT INTO StudentCourses(student_id, course_id) VALUES (1,  1);
INSERT INTO StudentCourses(student_id, course_id) VALUES (2,  4);
INSERT INTO StudentCourses(student_id, course_id) VALUES (3,  7);
INSERT INTO StudentCourses(student_id, course_id) VALUES (4,  6);
INSERT INTO StudentCourses(student_id, course_id) VALUES (5,  1);
INSERT INTO StudentCourses(student_id, course_id) VALUES (5,  3);
INSERT INTO StudentCourses(student_id, course_id) VALUES (6, 7);
INSERT INTO StudentCourses(student_id, course_id) VALUES (7,  2);
INSERT INTO StudentCourses(student_id, course_id) VALUES (8,  7);
INSERT INTO StudentCourses(student_id, course_id) VALUES (8,  6);
INSERT INTO StudentCourses(student_id, course_id) VALUES (8,  1);
INSERT INTO StudentCourses(student_id, course_id) VALUES (9,  2);
INSERT INTO StudentCourses(student_id, course_id) VALUES (10,  3);
